ASIN,brand,url,images,title,star,color,color_pic,comment,price_low,price_high,feature
B06XNKTY44,Under,https://www.amazon.com/Under-Armour-Womens-Highlight-Lacrosse/dp/B06XNKTY44/ref=sr_1_1?pf_rd_i=16225019011&pf_rd_m=ATVPDKIKX0DER&pf_rd_p=a8717793-9e88-48bb-b385-3487bae57557&pf_rd_r=A0Y4T1VK1Z4K6VG1HJJN&pf_rd_s=merchandised-search-left-2&pf_rd_t=101&qid=1569455465&rnid=10294506011&s=fashion-mens-intl-ship&sr=1-1,"https://images-na.ssl-images-amazon.com/images/I/411ts4HVbDL._AC_US40_.jpg,https://images-na.ssl-images-amazon.com/images/G/01/x-locale/common/transparent-pixel._V192234675_.gif",Under Armour 女款 Lax 高亮 MC 長曲棍球鞋，,4.1,"White (100)/Metallic Gold,White (101)/Midnight Navy,White (104)/White,White (161)/Red","https://images-na.ssl-images-amazon.com/images/I/41fdDB4AiBL._SS36_.jpg,https://images-na.ssl-images-amazon.com/images/I/41sEnIKKdVL._SS36_.jpg,https://images-na.ssl-images-amazon.com/images/I/411ts4HVbDL._SS36_.jpg,https://images-na.ssl-images-amazon.com/images/I/51wsnTUutzL._SS36_.jpg",48,"TWD 2,193.07","TWD 3,928.14","合成纖維
							
						
 
							Imported
							
						
 
							Synthetic sole
							
						
 
							軸測量大約 5.5」從拱門
							
						
 
							UA ClutchFit 鞋面將您的腳包裹在「第二層皮」的優勢中，提供強大的支撐和令人難以置信的感受
							
						
 
							鞋面關鍵部位採用戰略刺繡技術，加強鎖定 支撐
							
						
 
							腳踝內部泡沫緩衝 增加舒適度 & 減少腳跟滑落模製 4D 泡棉鞋墊符合您鞋子的確切形狀，消除滑落和減少鞋釘壓力
輕巧的模製 TPU 鞋板在任何領域提供卓越的抓地力"
B075R7YV65,New,https://www.amazon.com/New-Balance-Freeze-Agility-Lacrosse/dp/B075R7YV65/ref=sr_1_2?pf_rd_i=16225019011&pf_rd_m=ATVPDKIKX0DER&pf_rd_p=a8717793-9e88-48bb-b385-3487bae57557&pf_rd_r=A0Y4T1VK1Z4K6VG1HJJN&pf_rd_s=merchandised-search-left-2&pf_rd_t=101&qid=1569455465&rnid=10294506011&s=fashion-mens-intl-ship&sr=1-2,"https://images-na.ssl-images-amazon.com/images/I/41IJ7i8OihL._AC_US40_.jpg,https://images-na.ssl-images-amazon.com/images/I/31hQDt1l47L._AC_US40_.jpg,https://images-na.ssl-images-amazon.com/images/I/31ALSnDVdKL._AC_US40_.jpg,https://images-na.ssl-images-amazon.com/images/I/21rmOPj14GL._AC_US40_.jpg,https://images-na.ssl-images-amazon.com/images/I/31Gybi4pJlL._AC_US40_.jpg,https://images-na.ssl-images-amazon.com/images/I/31F-LMLvG7L._AC_US40_.jpg,https://images-na.ssl-images-amazon.com/images/I/41vMlKHhtTL._AC_US40_.jpg,https://images-na.ssl-images-amazon.com/images/G/01/x-locale/common/transparent-pixel._V192234675_.gif",New Balance FreezeLX Cleat - Men's Lacrosse,4.6,,,13,"TWD 3,273.39","TWD 4,982.93","Synthetic
							
						
 
							Brand: New Balance
							
						
 
							Style:
							
						
 
							Materials: upper / outsole
							
						
 
							Toe Style:
							
						
 
							Closure Type:"
B07KN4FGFG,WHITIN,https://www.amazon.com/WHITIN-Running-Minimalist-Barefoot-FiveFingers/dp/B07KN4FGFG/ref=sr_1_3?pf_rd_i=16225019011&pf_rd_m=ATVPDKIKX0DER&pf_rd_p=a8717793-9e88-48bb-b385-3487bae57557&pf_rd_r=A0Y4T1VK1Z4K6VG1HJJN&pf_rd_s=merchandised-search-left-2&pf_rd_t=101&qid=1569455465&rnid=10294506011&s=fashion-mens-intl-ship&sr=1-3,"https://images-na.ssl-images-amazon.com/images/I/51gGOhS%2B6RL._AC_US40_.jpg,https://images-na.ssl-images-amazon.com/images/I/51zEazWe3DL._AC_US40_.jpg,https://images-na.ssl-images-amazon.com/images/I/41756XNxEzL._AC_US40_.jpg,https://images-na.ssl-images-amazon.com/images/I/51AcIzJirFL._AC_US40_.jpg,https://images-na.ssl-images-amazon.com/images/I/41P6zjFz-vL._AC_US40_.jpg,https://images-na.ssl-images-amazon.com/images/I/510dTiZbFwL._AC_US40_.jpg,https://images-na.ssl-images-amazon.com/images/I/419dfCKt1QL._AC_US40_.jpg,https://images-na.ssl-images-amazon.com/images/G/01/x-locale/common/transparent-pixel._V192234675_.gif",WHITIN 男款交叉訓練鞋 | 赤腳與極簡鞋款 | 零落差鞋底 | 寬鞋頭盒,4.6,"1_ Black,1_ Blue,1_ Green,3_ Aquashoe Blue,2_ Camo Black,3_ Aquashoe Dark Blue,3_ Aquashoe Grey,3_ Aquashoe Black,3_ Aquashoe Black/White,2_ Black Gray,2_ Black,2_ Camo Green","https://images-na.ssl-images-amazon.com/images/I/51gGOhS%2B6RL._SS36_.jpg,https://images-na.ssl-images-amazon.com/images/I/51flJnb8O7L._SS36_.jpg,https://images-na.ssl-images-amazon.com/images/I/51Deeht6SrL._SS36_.jpg,https://images-na.ssl-images-amazon.com/images/I/519XquS2xyL._SS36_.jpg,https://images-na.ssl-images-amazon.com/images/I/41S8QsmbOFL._SS36_.jpg,https://images-na.ssl-images-amazon.com/images/I/41e2IRYZtbL._SS36_.jpg,https://images-na.ssl-images-amazon.com/images/I/41GRh1xrslL._SS36_.jpg,https://images-na.ssl-images-amazon.com/images/I/41t7i4IrKaL._SS36_.jpg,https://images-na.ssl-images-amazon.com/images/I/41kwqfGOe0L._SS36_.jpg,https://images-na.ssl-images-amazon.com/images/I/41VshKE69aL._SS36_.jpg,https://images-na.ssl-images-amazon.com/images/I/41HToJUX8KL._SS36_.jpg,https://images-na.ssl-images-amazon.com/images/I/51PBP-84z6L._SS36_.jpg",315,TWD 556.21,"TWD 1,141.87","解剖形狀提供自然舒適感。
							
						
 
							適應性材料和簡約結構。
							
						
 
							從腳跟到腳趾的零掉落自然步伐。
							
						
 
							我們的素食鞋使用 0% 動物產品。
							
						
 
							請注意，如果尺寸介於兩個尺寸之間，請訂購小一號的尺寸。"
B01N6AR55T,New,https://www.amazon.com/New-Balance-Speed-Lacrosse-White/dp/B01N6AR55T/ref=sr_1_4?pf_rd_i=16225019011&pf_rd_m=ATVPDKIKX0DER&pf_rd_p=a8717793-9e88-48bb-b385-3487bae57557&pf_rd_r=A0Y4T1VK1Z4K6VG1HJJN&pf_rd_s=merchandised-search-left-2&pf_rd_t=101&qid=1569455465&rnid=10294506011&s=fashion-mens-intl-ship&sr=1-4,"https://images-na.ssl-images-amazon.com/images/I/41oOv8D6KCL._AC_US40_.jpg,https://images-na.ssl-images-amazon.com/images/I/41gYOzP%2Bf0L._AC_US40_.jpg,https://images-na.ssl-images-amazon.com/images/I/41E3xyGik-L._AC_US40_.jpg,https://images-na.ssl-images-amazon.com/images/I/315G4Rt9srL._AC_US40_.jpg,https://images-na.ssl-images-amazon.com/images/I/41Hn-oqyP8L._AC_US40_.jpg,https://images-na.ssl-images-amazon.com/images/I/41PrnB67oZL._AC_US40_.jpg,https://images-na.ssl-images-amazon.com/images/I/41ZDQO47M8L._AC_US40_.jpg,https://images-na.ssl-images-amazon.com/images/G/01/x-locale/common/transparent-pixel._V192234675_.gif",New Balance Men's Burn Mid Speed Lacrosse Shoe,4.5,,,8,"TWD 2,827.51","TWD 3,881.00","100% Textile and Synthetic
							
						
 
							Imported
							
						
 
							Rubber sole
							
						
 
							軸測量約 mid-top 從拱門
							
						
 
							TPR outsole
							
						
 
							TPU molded cleats"
B075R7H98F,New,https://www.amazon.com/New-Balance-Freeze-Agility-Lacrosse/dp/B075R7H98F/ref=sr_1_5?pf_rd_i=16225019011&pf_rd_m=ATVPDKIKX0DER&pf_rd_p=a8717793-9e88-48bb-b385-3487bae57557&pf_rd_r=A0Y4T1VK1Z4K6VG1HJJN&pf_rd_s=merchandised-search-left-2&pf_rd_t=101&qid=1569455465&rnid=10294506011&s=fashion-mens-intl-ship&sr=1-5,"https://images-na.ssl-images-amazon.com/images/I/41feaWHbIEL._AC_US40_.jpg,https://images-na.ssl-images-amazon.com/images/I/415AZiHBgbL._AC_US40_.jpg,https://images-na.ssl-images-amazon.com/images/I/31hzqPKIsFL._AC_US40_.jpg,https://images-na.ssl-images-amazon.com/images/I/31ZAwwco5bL._AC_US40_.jpg,https://images-na.ssl-images-amazon.com/images/I/310lpBNLLPL._AC_US40_.jpg,https://images-na.ssl-images-amazon.com/images/I/41P6JonwOEL._AC_US40_.jpg,https://images-na.ssl-images-amazon.com/images/I/41xh0mt1DIL._AC_US40_.jpg,https://images-na.ssl-images-amazon.com/images/G/01/x-locale/common/transparent-pixel._V192234675_.gif",New Balance FreezeLX Cleat - Men's Lacrosse,4.4,,,5,"TWD 3,470.15","TWD 9,965.54","Synthetic-Mesh
							
						
 
							Dual-Density TPU plate provides the perfect combination of flexibility, stability and traction
							
						
 
							Full bootie tongue creates a custom-like fit
							
						
 
							Internal heel pads lock your foot in place
							
						
 
							Lamitex helps prevent upper stretching and wear while providing unmatched stability
							
						
 
							Mesh collar engineered to provide superior support with out of the box comfort"
B01MS13C85,New,https://www.amazon.com/New-Balance-Lacrosse-Speed-Silver/dp/B01MS13C85/ref=sr_1_6?pf_rd_i=16225019011&pf_rd_m=ATVPDKIKX0DER&pf_rd_p=a8717793-9e88-48bb-b385-3487bae57557&pf_rd_r=A0Y4T1VK1Z4K6VG1HJJN&pf_rd_s=merchandised-search-left-2&pf_rd_t=101&qid=1569455465&rnid=10294506011&s=fashion-mens-intl-ship&sr=1-6,"https://images-na.ssl-images-amazon.com/images/I/41sCpQcmrjL._AC_US40_.jpg,https://images-na.ssl-images-amazon.com/images/I/418tGS%2BWP8L._AC_US40_.jpg,https://images-na.ssl-images-amazon.com/images/I/41djUovEPsL._AC_US40_.jpg,https://images-na.ssl-images-amazon.com/images/I/31uL5YMekBL._AC_US40_.jpg,https://images-na.ssl-images-amazon.com/images/I/31-B3nDzw4L._AC_US40_.jpg,https://images-na.ssl-images-amazon.com/images/I/41ep2Tg7U1L._AC_US40_.jpg,https://images-na.ssl-images-amazon.com/images/I/41Nvxnx7nNL._AC_US40_.jpg,https://images-na.ssl-images-amazon.com/images/G/01/x-locale/common/transparent-pixel._V192234675_.gif",New Balance Men's Rush V1 Lacrosse Speed Shoe,4.4,"White/Silver,Black/Grey,White/Blue,White/Red","https://images-na.ssl-images-amazon.com/images/I/41sCpQcmrjL._SS36_.jpg,https://images-na.ssl-images-amazon.com/images/I/4168yM4wTTL._SS36_.jpg,https://images-na.ssl-images-amazon.com/images/I/41MDCeUg3fL._SS36_.jpg,https://images-na.ssl-images-amazon.com/images/I/41%2B-HRlJ5PL._SS36_.jpg",8,"TWD 1,250.23","TWD 5,986.65","Textile and Synthetic
							
						
 
							Imported
							
						
 
							Synthetic sole
							
						
 
							軸測量約 low-top 從拱門
							
						
 
							TPR outsole
							
						
 
							TPU molded cleat outsole
							
						
 
							Removable insert"
B076VNNL8Y,Under,https://www.amazon.com/Under-Armour-Highlight-Lacrosse-White/dp/B076VNNL8Y/ref=sr_1_7?pf_rd_i=16225019011&pf_rd_m=ATVPDKIKX0DER&pf_rd_p=a8717793-9e88-48bb-b385-3487bae57557&pf_rd_r=A0Y4T1VK1Z4K6VG1HJJN&pf_rd_s=merchandised-search-left-2&pf_rd_t=101&qid=1569455465&rnid=10294506011&s=fashion-mens-intl-ship&sr=1-7,"https://images-na.ssl-images-amazon.com/images/I/41SEY9Wuf6L._AC_US40_.jpg,https://images-na.ssl-images-amazon.com/images/G/01/x-locale/common/transparent-pixel._V192234675_.gif",Under Armour 男款 Highlight Mc 長曲棍球鞋,4.8,"Black (001)/Graphite,White (102)/Red,White (100)/Midnight Navy,White (101)/White","https://images-na.ssl-images-amazon.com/images/I/41mhQ4NTVxL._SS36_.jpg,https://images-na.ssl-images-amazon.com/images/I/41pkPgk43DL._SS36_.jpg,https://images-na.ssl-images-amazon.com/images/I/41dO-wDYSyL._SS36_.jpg,https://images-na.ssl-images-amazon.com/images/I/41SEY9Wuf6L._SS36_.jpg",20,"TWD 3,191.88","TWD 4,255.84","合成纖維
							
						
 
							Imported
							
						
 
							Synthetic sole
							
						
 
							軸測量約 high-top 從拱門
							
						
 
							在盔甲的使命是通過激情、設計和不懈追求創新，使所有運動員都更好
							
						
 
							我們從哪裏開始？ 這一切都始於一個想法，建立一個卓越的T恤
							
						
 
							在Armour爲男性、女性和青少年的分類下很複雜，但獲得好處很簡單：當熱時穿HeatGear時，ColdGear在寒冷的時候，四季齒輪之間"
B07BL32XTZ,New,https://www.amazon.com/New-Balance-Freeze-Agility-Lacrosse/dp/B07BL32XTZ/ref=sr_1_8?pf_rd_i=16225019011&pf_rd_m=ATVPDKIKX0DER&pf_rd_p=a8717793-9e88-48bb-b385-3487bae57557&pf_rd_r=A0Y4T1VK1Z4K6VG1HJJN&pf_rd_s=merchandised-search-left-2&pf_rd_t=101&qid=1569455465&rnid=10294506011&s=fashion-mens-intl-ship&sr=1-8,"https://images-na.ssl-images-amazon.com/images/I/41bEmjKoCPL._AC_US40_.jpg,https://images-na.ssl-images-amazon.com/images/I/41E%2BavnZY8L._AC_US40_.jpg,https://images-na.ssl-images-amazon.com/images/I/41YWQW69ouL._AC_US40_.jpg,https://images-na.ssl-images-amazon.com/images/I/31e4nm3jcuL._AC_US40_.jpg,https://images-na.ssl-images-amazon.com/images/I/31maqnk2DNL._AC_US40_.jpg,https://images-na.ssl-images-amazon.com/images/I/41uARWaoPlL._AC_US40_.jpg,https://images-na.ssl-images-amazon.com/images/I/41dKmdgqpjL._AC_US40_.jpg,https://images-na.ssl-images-amazon.com/images/G/01/x-locale/common/transparent-pixel._V192234675_.gif",New Balance Men's Freeze V2 Agility Lacrosse Shoe,5.0,"Grey/White/Grey-1,Grey/White-1","https://images-na.ssl-images-amazon.com/images/I/41bEmjKoCPL._SS36_.jpg,https://images-na.ssl-images-amazon.com/images/I/41e65dk7tGL._SS36_.jpg",4,"TWD 3,488.15","TWD 7,213.65","Synthetic and Textile
							
						
 
							Imported
							
						
 
							Synthetic sole
							
						
 
							軸測量約 mid-top 從拱門
							
						
 
							Engineered Mesh
							
						
 
							No Sew Overlays
							
						
 
							TPR Outsole"
B00CP3T2MW,TDI,https://www.amazon.com/Southern-Sport-Razur-Cleat-Cover/dp/B00CP3T2MW/ref=sr_1_9?pf_rd_i=16225019011&pf_rd_m=ATVPDKIKX0DER&pf_rd_p=a8717793-9e88-48bb-b385-3487bae57557&pf_rd_r=A0Y4T1VK1Z4K6VG1HJJN&pf_rd_s=merchandised-search-left-2&pf_rd_t=101&qid=1569455465&rnid=10294506011&s=fashion-mens-intl-ship&sr=1-9,"https://images-na.ssl-images-amazon.com/images/I/41%2Bs-8ejXxL._AC_US40_.jpg,https://images-na.ssl-images-amazon.com/images/G/01/x-locale/common/transparent-pixel._V192234675_.gif",TDI Razur (透明保護套),3.7,"Black,Black and White,Columbia Blue,黃色,Hunter Green,Maroon,Navy,Navy and Gold,Orange,Orange and Black,Pink,Purple,Red,Royal Blue,White","https://images-na.ssl-images-amazon.com/images/I/41D75q5D-XL._SS36_.jpg,https://images-na.ssl-images-amazon.com/images/I/41yOvYHZKcL._SS36_.jpg,https://images-na.ssl-images-amazon.com/images/I/41b9NYnoQQL._SS36_.jpg,https://images-na.ssl-images-amazon.com/images/I/41nSGOrmHeL._SS36_.jpg,https://images-na.ssl-images-amazon.com/images/I/415OKCO1o1L._SS36_.jpg,https://images-na.ssl-images-amazon.com/images/I/41jdU3AHQhL._SS36_.jpg,https://images-na.ssl-images-amazon.com/images/I/41ktJTTvxmL._SS36_.jpg,https://images-na.ssl-images-amazon.com/images/I/11raVYRxCuL._SS36_.jpg,https://images-na.ssl-images-amazon.com/images/I/417B1zfWaJL._SS36_.jpg,https://images-na.ssl-images-amazon.com/images/I/41UwNDNoTuL._SS36_.jpg,https://images-na.ssl-images-amazon.com/images/I/4178eBy27GL._SS36_.jpg,https://images-na.ssl-images-amazon.com/images/I/41X9a1NhxsL._SS36_.jpg,https://images-na.ssl-images-amazon.com/images/I/41boKSy8uLL._SS36_.jpg,https://images-na.ssl-images-amazon.com/images/I/41nLyyOQYFL._SS36_.jpg,https://images-na.ssl-images-amazon.com/images/I/41%2Bs-8ejXxL._SS36_.jpg",76,TWD 654.42,,"95% Nylon/5% Elastic/2 Lycra Spandex
							
						
 
							Made in USA
							
						
 
							重量輕
							
						
 
							耐用
							
						
 
							無縫
							
						
 
							綁帶鞋款
							
						
 
							防止脫落"
B01MXS61OZ,New,https://www.amazon.com/New-Balance-Speed-Lacrosse-White/dp/B01MXS61OZ/ref=sr_1_10?pf_rd_i=16225019011&pf_rd_m=ATVPDKIKX0DER&pf_rd_p=a8717793-9e88-48bb-b385-3487bae57557&pf_rd_r=A0Y4T1VK1Z4K6VG1HJJN&pf_rd_s=merchandised-search-left-2&pf_rd_t=101&qid=1569455465&rnid=10294506011&s=fashion-mens-intl-ship&sr=1-10,"https://images-na.ssl-images-amazon.com/images/I/41inMy3dCXL._AC_US40_.jpg,https://images-na.ssl-images-amazon.com/images/I/41z5kZFtETL._AC_US40_.jpg,https://images-na.ssl-images-amazon.com/images/I/41MaMSJLibL._AC_US40_.jpg,https://images-na.ssl-images-amazon.com/images/I/21ESj4p5SfL._AC_US40_.jpg,https://images-na.ssl-images-amazon.com/images/I/41cpdMtRTbL._AC_US40_.jpg,https://images-na.ssl-images-amazon.com/images/I/31PL6iPeGsL._AC_US40_.jpg,https://images-na.ssl-images-amazon.com/images/I/4161qzEwWAL._AC_US40_.jpg,https://images-na.ssl-images-amazon.com/images/G/01/x-locale/common/transparent-pixel._V192234675_.gif",New Balance 男款 BURN 低速長曲棍球鞋,4.8,"White/Red,White,Black,White/Blue","https://images-na.ssl-images-amazon.com/images/I/41Ry8e1xoFL._SS36_.jpg,https://images-na.ssl-images-amazon.com/images/I/41inMy3dCXL._SS36_.jpg,https://images-na.ssl-images-amazon.com/images/I/41azF4SSqkL._SS36_.jpg,https://images-na.ssl-images-amazon.com/images/I/41M1pYjUkNL._SS36_.jpg",9,"TWD 2,782.66","TWD 4,591.39","合成纖維
							
						
 
							Imported
							
						
 
							Synthetic sole
							
						
 
							重量輕"
B07B6XV8JR,New,https://www.amazon.com/New-Balance-Freeze-Agility-Lacrosse/dp/B07B6XV8JR/ref=sr_1_11?pf_rd_i=16225019011&pf_rd_m=ATVPDKIKX0DER&pf_rd_p=a8717793-9e88-48bb-b385-3487bae57557&pf_rd_r=A0Y4T1VK1Z4K6VG1HJJN&pf_rd_s=merchandised-search-left-2&pf_rd_t=101&qid=1569455465&rnid=10294506011&s=fashion-mens-intl-ship&sr=1-11,"https://images-na.ssl-images-amazon.com/images/I/41E0XjhgdzL._AC_US40_.jpg,https://images-na.ssl-images-amazon.com/images/I/41ekia7LfaL._AC_US40_.jpg,https://images-na.ssl-images-amazon.com/images/I/414IEfkd1DL._AC_US40_.jpg,https://images-na.ssl-images-amazon.com/images/I/31xn4POP9eL._AC_US40_.jpg,https://images-na.ssl-images-amazon.com/images/I/31a9UFY6vZL._AC_US40_.jpg,https://images-na.ssl-images-amazon.com/images/I/41CWfjAgjiL._AC_US40_.jpg,https://images-na.ssl-images-amazon.com/images/I/41cUubocbjL._AC_US40_.jpg,https://images-na.ssl-images-amazon.com/images/G/01/x-locale/common/transparent-pixel._V192234675_.gif",New Balance 男款 Freeze V2 Box Agility 長曲棍球鞋,4.2,"Black/White,White/Silver","https://images-na.ssl-images-amazon.com/images/I/41E0XjhgdzL._SS36_.jpg,https://images-na.ssl-images-amazon.com/images/I/31NVYk8KrXL._SS36_.jpg",7,"TWD 2,946.02","TWD 8,613.16","織品和合成
							
						
 
							Imported
							
						
 
							Rubber sole
							
						
 
							編織馬鞍鞋面有助於讓您的雙腳保持中心位置 以防破裂速度為中心
							
						
 
							磨砂橡膠大底"
B075R7JNTD,New,https://www.amazon.com/New-Balance-Freeze-Agility-Lacrosse/dp/B075R7JNTD/ref=sr_1_12?pf_rd_i=16225019011&pf_rd_m=ATVPDKIKX0DER&pf_rd_p=a8717793-9e88-48bb-b385-3487bae57557&pf_rd_r=A0Y4T1VK1Z4K6VG1HJJN&pf_rd_s=merchandised-search-left-2&pf_rd_t=101&qid=1569455465&rnid=10294506011&s=fashion-mens-intl-ship&sr=1-12,"https://images-na.ssl-images-amazon.com/images/I/41SUxLugyJL._AC_US40_.jpg,https://images-na.ssl-images-amazon.com/images/I/41MhpN0aqjL._AC_US40_.jpg,https://images-na.ssl-images-amazon.com/images/I/41IhoI3u17L._AC_US40_.jpg,https://images-na.ssl-images-amazon.com/images/I/31fMfUtQG-L._AC_US40_.jpg,https://images-na.ssl-images-amazon.com/images/I/31B-5%2BrW06L._AC_US40_.jpg,https://images-na.ssl-images-amazon.com/images/I/41n8P6ka-7L._AC_US40_.jpg,https://images-na.ssl-images-amazon.com/images/I/41QDHqXtW4L._AC_US40_.jpg,https://images-na.ssl-images-amazon.com/images/G/01/x-locale/common/transparent-pixel._V192234675_.gif",New Balance FreezeLX Cleat - Men's Lacrosse,5.0,,,2,"TWD 3,550.02","TWD 4,982.93","Synthetic-Mesh
							
						
 
							Dual-Density TPU plate provides the perfect combination of flexibility, stability and traction
							
						
 
							Full bootie tongue creates a custom-like fit
							
						
 
							Internal heel pads lock your foot in place
							
						
 
							Lamitex helps prevent upper stretching and wear while providing unmatched stability
							
						
 
							Mesh collar engineered to provide superior support with out of the box comfort"
B01MTUIUGU,New,https://www.amazon.com/New-Balance-Speed-Lacrosse-Black/dp/B01MTUIUGU/ref=sr_1_13?pf_rd_i=16225019011&pf_rd_m=ATVPDKIKX0DER&pf_rd_p=a8717793-9e88-48bb-b385-3487bae57557&pf_rd_r=A0Y4T1VK1Z4K6VG1HJJN&pf_rd_s=merchandised-search-left-2&pf_rd_t=101&qid=1569455465&rnid=10294506011&s=fashion-mens-intl-ship&sr=1-13,"https://images-na.ssl-images-amazon.com/images/I/51inivVWiKL._AC_US40_.jpg,https://images-na.ssl-images-amazon.com/images/I/514fk1z26wL._AC_US40_.jpg,https://images-na.ssl-images-amazon.com/images/I/51QA3HhH5WL._AC_US40_.jpg,https://images-na.ssl-images-amazon.com/images/I/419YhP9PD1L._AC_US40_.jpg,https://images-na.ssl-images-amazon.com/images/I/41u3rL5H9dL._AC_US40_.jpg,https://images-na.ssl-images-amazon.com/images/I/41bnVCa2vfL._AC_US40_.jpg,https://images-na.ssl-images-amazon.com/images/I/51K-SbwvL5L._AC_US40_.jpg,https://images-na.ssl-images-amazon.com/images/G/01/x-locale/common/transparent-pixel._V192234675_.gif",New Balance Men's Burn Mid Speed Lacrosse Shoe,4.5,,,10,"TWD 2,827.51","TWD 4,306.58","100% Textile and Synthetic
							
						
 
							Imported
							
						
 
							Rubber sole
							
						
 
							軸測量約 mid-top 從拱門
							
						
 
							TPR outsole
							
						
 
							TPU molded cleats"
B07JPB3MSK,Nike,https://www.amazon.com/ALPHA-HUARACHE-LAX%E2%9D%97%EF%B8%8FShips-directly-Nike%E2%9D%97%EF%B8%8F/dp/B07JPB3MSK/ref=sr_1_14?pf_rd_i=16225019011&pf_rd_m=ATVPDKIKX0DER&pf_rd_p=a8717793-9e88-48bb-b385-3487bae57557&pf_rd_r=A0Y4T1VK1Z4K6VG1HJJN&pf_rd_s=merchandised-search-left-2&pf_rd_t=101&qid=1569455465&rnid=10294506011&s=fashion-mens-intl-ship&sr=1-14,"https://images-na.ssl-images-amazon.com/images/I/319TGf%2BtsOL._AC_US40_.jpg,https://images-na.ssl-images-amazon.com/images/I/41teL1%2BHLhL._AC_US40_.jpg,https://images-na.ssl-images-amazon.com/images/I/11NbEujokEL._AC_US40_.jpg,https://images-na.ssl-images-amazon.com/images/G/01/x-locale/common/transparent-pixel._V192234675_.gif",Nike Men's Alpha Huarache 6 Pro Lax Cleats,,,,,"TWD 1,767.81","TWD 3,881.00",
B06XNJXQQ8,Under,https://www.amazon.com/Under-Armour-Banshee-Ripshot-Lacrosse/dp/B06XNJXQQ8/ref=sr_1_15?pf_rd_i=16225019011&pf_rd_m=ATVPDKIKX0DER&pf_rd_p=a8717793-9e88-48bb-b385-3487bae57557&pf_rd_r=A0Y4T1VK1Z4K6VG1HJJN&pf_rd_s=merchandised-search-left-2&pf_rd_t=101&qid=1569455465&rnid=10294506011&s=fashion-mens-intl-ship&sr=1-15,"https://images-na.ssl-images-amazon.com/images/I/41fcO3wWFGL._AC_US40_.jpg,https://images-na.ssl-images-amazon.com/images/I/41TvnlS7lIL._AC_US40_.jpg,https://images-na.ssl-images-amazon.com/images/I/41fPQ4R0uvL._AC_US40_.jpg,https://images-na.ssl-images-amazon.com/images/I/41xASJwgIoL._AC_US40_.jpg,https://images-na.ssl-images-amazon.com/images/I/313KTWk3xfL._AC_US40_.jpg,https://images-na.ssl-images-amazon.com/images/I/417GmrNZmVL._AC_US40_.jpg,https://images-na.ssl-images-amazon.com/images/I/41xSkY0S3wL._AC_US40_.jpg,https://images-na.ssl-images-amazon.com/images/G/01/x-locale/common/transparent-pixel._V192234675_.gif",Under Armour 男款 Banshee Ripshot MC 長曲棍球鞋,4.1,"White (101)/Black,White/Charcoal,Metallic Silver/Hyper Green,Black/White","https://images-na.ssl-images-amazon.com/images/I/41fcO3wWFGL._SS36_.jpg,https://images-na.ssl-images-amazon.com/images/I/41zmBbYoppL._SS36_.jpg,https://images-na.ssl-images-amazon.com/images/I/51a1ebM4d4L._SS36_.jpg,https://images-na.ssl-images-amazon.com/images/I/41lHxcLnvmL._SS36_.jpg",8,TWD 588.94,"TWD 2,291.28","合成纖維
							
						
 
							Imported
							
						
 
							Synthetic sole
							
						
 
							軸測量大約 4.5」從拱門
							
						
 
							設計合成鞋面環繞腳部，輕盈、舒適合身 & 觸感
							
						
 
							網眼鞋舌增加通風性
							
						
 
							模切 EVA 鞋墊，減少鞋釘壓力，增強腳底舒適度模製 TPU 板是輕量設計，在各種表面提供卓越的牽引力
次要鞋扣使球場更具吸引力，為剃刀鋒利的切割 & 爆炸加速提供額外的咬痕"
B07B6Z4V73,New,https://www.amazon.com/New-Balance-Mens-Speed-Lacrosse/dp/B07B6Z4V73/ref=sr_1_16?pf_rd_i=16225019011&pf_rd_m=ATVPDKIKX0DER&pf_rd_p=a8717793-9e88-48bb-b385-3487bae57557&pf_rd_r=A0Y4T1VK1Z4K6VG1HJJN&pf_rd_s=merchandised-search-left-2&pf_rd_t=101&qid=1569455465&rnid=10294506011&s=fashion-mens-intl-ship&sr=1-16,"https://images-na.ssl-images-amazon.com/images/I/413Px4elnNL._AC_US40_.jpg,https://images-na.ssl-images-amazon.com/images/I/41QUIs7xDPL._AC_US40_.jpg,https://images-na.ssl-images-amazon.com/images/I/41Ce1mOnJwL._AC_US40_.jpg,https://images-na.ssl-images-amazon.com/images/I/31zKmUXV4EL._AC_US40_.jpg,https://images-na.ssl-images-amazon.com/images/I/41pR0azNKEL._AC_US40_.jpg,https://images-na.ssl-images-amazon.com/images/I/41IjTpxd1xL._AC_US40_.jpg,https://images-na.ssl-images-amazon.com/images/I/51G5gtNjsNL._AC_US40_.jpg,https://images-na.ssl-images-amazon.com/images/G/01/x-locale/common/transparent-pixel._V192234675_.gif",New Balance 男款 Burn X 1 速長曲棍球鞋,3.7,,,4,"TWD 1,512.13","TWD 3,272.08","Imported
							
						
 
							Rubber sole
							
						
 
							軸測量約 mid-top 從拱門
							
						
 
							平台測量約 1
							
						
 
							全 TPU 皮鞋面，緊密貼合
							
						
 
							FastWrap 舌頭可將您的腳固定到位，以獲得額外的穩定性和定製化合身
							
						
 
							毛絨數據驅動平臺插入，提供卓越的舒適性"
B01MY1Y834,New,https://www.amazon.com/New-Balance-Freeze-Agility-Lacrosse/dp/B01MY1Y834/ref=sr_1_17?pf_rd_i=16225019011&pf_rd_m=ATVPDKIKX0DER&pf_rd_p=a8717793-9e88-48bb-b385-3487bae57557&pf_rd_r=A0Y4T1VK1Z4K6VG1HJJN&pf_rd_s=merchandised-search-left-2&pf_rd_t=101&qid=1569455465&rnid=10294506011&s=fashion-mens-intl-ship&sr=1-17,"https://images-na.ssl-images-amazon.com/images/I/41XpXdAjUyL._AC_US40_.jpg,https://images-na.ssl-images-amazon.com/images/I/41eaaVAbvdL._AC_US40_.jpg,https://images-na.ssl-images-amazon.com/images/I/41WfcE%2BYLyL._AC_US40_.jpg,https://images-na.ssl-images-amazon.com/images/I/41%2BWiRVbQqL._AC_US40_.jpg,https://images-na.ssl-images-amazon.com/images/I/319Y6pB4SLL._AC_US40_.jpg,https://images-na.ssl-images-amazon.com/images/I/41OtKDvrjpL._AC_US40_.jpg,https://images-na.ssl-images-amazon.com/images/I/51kNlGZmVgL._AC_US40_.jpg,https://images-na.ssl-images-amazon.com/images/G/01/x-locale/common/transparent-pixel._V192234675_.gif",New Balance 男款 Freeze v1 Turf Agility 長曲棍球鞋,4.0,,,7,"TWD 2,633.05","TWD 2,783.32","織品和合成
							
						
 
							Imported
							
						
 
							Rubber sole
							
						
 
							軸測量約 low-top 從拱門
							
						
 
							TPR 大底
							
						
 
							TPU 模製鞋墊外底
							
						
 
							開衩鞋面
							
						
 
							可拆卸插入"
B01MU4CK0U,New,https://www.amazon.com/New-Balance-Lacrosse-Speed-Silver/dp/B01MU4CK0U/ref=sr_1_18?pf_rd_i=16225019011&pf_rd_m=ATVPDKIKX0DER&pf_rd_p=a8717793-9e88-48bb-b385-3487bae57557&pf_rd_r=A0Y4T1VK1Z4K6VG1HJJN&pf_rd_s=merchandised-search-left-2&pf_rd_t=101&qid=1569455465&rnid=10294506011&s=fashion-mens-intl-ship&sr=1-18,"https://images-na.ssl-images-amazon.com/images/I/41sCpQcmrjL._AC_US40_.jpg,https://images-na.ssl-images-amazon.com/images/I/418tGS%2BWP8L._AC_US40_.jpg,https://images-na.ssl-images-amazon.com/images/I/41djUovEPsL._AC_US40_.jpg,https://images-na.ssl-images-amazon.com/images/I/31uL5YMekBL._AC_US40_.jpg,https://images-na.ssl-images-amazon.com/images/I/31-B3nDzw4L._AC_US40_.jpg,https://images-na.ssl-images-amazon.com/images/I/41ep2Tg7U1L._AC_US40_.jpg,https://images-na.ssl-images-amazon.com/images/I/41Nvxnx7nNL._AC_US40_.jpg,https://images-na.ssl-images-amazon.com/images/G/01/x-locale/common/transparent-pixel._V192234675_.gif",New Balance 男式 Rush v1 曲棍球速度長曲棍球鞋,4.2,"White/Silver,White/Red,White/Blue,Black/Grey","https://images-na.ssl-images-amazon.com/images/I/41sCpQcmrjL._SS36_.jpg,https://images-na.ssl-images-amazon.com/images/I/41%2B-HRlJ5PL._SS36_.jpg,https://images-na.ssl-images-amazon.com/images/I/41MDCeUg3fL._SS36_.jpg,https://images-na.ssl-images-amazon.com/images/I/4168yM4wTTL._SS36_.jpg",14,"TWD 1,636.53","TWD 5,986.65","織品和合成
							
						
 
							Imported
							
						
 
							Synthetic sole
							
						
 
							軸測量約 low-top 從拱門
							
						
 
							TPR 大底
							
						
 
							TPU 模製鞋墊外底
							
						
 
							可拆卸插入"
B072J4DP3K,Under,https://www.amazon.com/Under-Armour-Highlight-Limited-Lacrosse/dp/B072J4DP3K/ref=sr_1_19?pf_rd_i=16225019011&pf_rd_m=ATVPDKIKX0DER&pf_rd_p=a8717793-9e88-48bb-b385-3487bae57557&pf_rd_r=A0Y4T1VK1Z4K6VG1HJJN&pf_rd_s=merchandised-search-left-2&pf_rd_t=101&qid=1569455465&rnid=10294506011&s=fashion-mens-intl-ship&sr=1-19,"https://images-na.ssl-images-amazon.com/images/I/41YL39vTnEL._AC_US40_.jpg,https://images-na.ssl-images-amazon.com/images/G/01/x-locale/common/transparent-pixel._V192234675_.gif",Under Armour 男式 Highlight M.C. - 限量版長曲棍球鞋，,5.0,"White (161)/Red,White (101)/Midnight Navy,White (131)/Team Kelly Green","https://images-na.ssl-images-amazon.com/images/I/41YL39vTnEL._SS36_.jpg,https://images-na.ssl-images-amazon.com/images/I/51BzaPY8DrL._SS36_.jpg,https://images-na.ssl-images-amazon.com/images/I/51rnMRQxmgL._SS36_.jpg",8,"TWD 1,893.85","TWD 4,582.88","合成纖維
							
						
 
							UA ClutchFit 鞋面將您的腳包裹在「第二層皮」的優勢中，提供強大的支撐和令人難以置信的感受
							
						
 
							輕盈的材料創新造就您腳的輪廓，阻擋您的接頭 & 肌肉，為您提供更好的感覺、合身度和支撐力
							
						
 
							繡有 ""critter"" 圖案
							
						
 
							3D 模製 MPZ 鞋舌，為您的腳量身打造並提供額外保護
							
						
 
							延伸的眼部切口使進入更方便 & 卓越的靈活性"
B01MU4CJLE,New,https://www.amazon.com/New-Balance-Freeze-Agility-Lacrosse/dp/B01MU4CJLE/ref=sr_1_20?pf_rd_i=16225019011&pf_rd_m=ATVPDKIKX0DER&pf_rd_p=a8717793-9e88-48bb-b385-3487bae57557&pf_rd_r=A0Y4T1VK1Z4K6VG1HJJN&pf_rd_s=merchandised-search-left-2&pf_rd_t=101&qid=1569455465&rnid=10294506011&s=fashion-mens-intl-ship&sr=1-20,"https://images-na.ssl-images-amazon.com/images/I/41WVW3k5aYL._AC_US40_.jpg,https://images-na.ssl-images-amazon.com/images/I/41hJv9F6uQL._AC_US40_.jpg,https://images-na.ssl-images-amazon.com/images/I/41svAYLgszL._AC_US40_.jpg,https://images-na.ssl-images-amazon.com/images/I/41GsW6%2B4i8L._AC_US40_.jpg,https://images-na.ssl-images-amazon.com/images/I/31Gp8ZC0zbL._AC_US40_.jpg,https://images-na.ssl-images-amazon.com/images/I/41mgUwwhq8L._AC_US40_.jpg,https://images-na.ssl-images-amazon.com/images/I/51P3SnSETrL._AC_US40_.jpg,https://images-na.ssl-images-amazon.com/images/G/01/x-locale/common/transparent-pixel._V192234675_.gif",New Balance 男款 Freeze v1 Agility 長曲棍球鞋,4.2,"Green,Grey/White","https://images-na.ssl-images-amazon.com/images/I/41WVW3k5aYL._SS36_.jpg,https://images-na.ssl-images-amazon.com/images/I/41tvSvNG%2BWL._SS36_.jpg",8,"TWD 3,057.66","TWD 3,566.72","織品和合成
							
						
 
							Imported
							
						
 
							Synthetic sole
							
						
 
							軸測量約 low-top 從拱門
							
						
 
							TPR 大底
							
						
 
							TPU 模製鞋墊外底
							
						
 
							開衩鞋面
							
						
 
							可拆卸插入"
B07TSJNWJH,Jazba,https://www.amazon.com/Jazba-Trainers-Traction-Trekking-Lacrosse/dp/B07TSJNWJH/ref=sr_1_21?pf_rd_i=16225019011&pf_rd_m=ATVPDKIKX0DER&pf_rd_p=a8717793-9e88-48bb-b385-3487bae57557&pf_rd_r=A0Y4T1VK1Z4K6VG1HJJN&pf_rd_s=merchandised-search-left-2&pf_rd_t=101&qid=1569455465&rnid=10294506011&s=fashion-mens-intl-ship&sr=1-21,"https://images-na.ssl-images-amazon.com/images/I/517AwS92akL._AC_US40_.jpg,https://images-na.ssl-images-amazon.com/images/I/41QilttNZEL._AC_US40_.jpg,https://images-na.ssl-images-amazon.com/images/I/41elS2j2mDL._AC_US40_.jpg,https://images-na.ssl-images-amazon.com/images/I/41l0KDlisKL._AC_US40_.jpg,https://images-na.ssl-images-amazon.com/images/I/41XRc5FB2JL._AC_US40_.jpg,https://images-na.ssl-images-amazon.com/images/I/511MzVGihCL._AC_US40_.jpg,https://images-na.ssl-images-amazon.com/images/I/51w5S8BlKvL._SS40_PKmb-play-button-overlay-thumb_.jpg,https://images-na.ssl-images-amazon.com/images/G/01/x-locale/common/transparent-pixel._V192234675_.gif","Jazba Rattler Field Hockey Shoe for Women Men Junior Size， Astro Turf Trainers with Good Grip and Traction on Wet Turf, Great for Outdoor Sports Trekking Hiking Trail Running Lacrosse",5.0,"Black/Gold,Orange/White,Teal/Gold,Cyan Blue","https://images-na.ssl-images-amazon.com/images/I/517AwS92akL._SS36_.jpg,https://images-na.ssl-images-amazon.com/images/I/41mlAIF572L._SS36_.jpg,https://images-na.ssl-images-amazon.com/images/I/518BBk5UI3L._SS36_.jpg,https://images-na.ssl-images-amazon.com/images/I/51pAX8nZcvL._SS36_.jpg",9,"TWD 2,291.28",,"🏑3D LAYER SHOE UPPER- 3D Crafted Water Resistant Cage Structure For Strength, Breathability And Flexibility Performs 3x More Than Normal Manmade Leather On Wet Surfaces
							
						
 
							🏑 EXCELLENT TRACTION SOLE- Midsole With Softer Cushion To Absorb Landing Impact And Cool Splatter Design. High Abrasion Rubber Stud Unique Cleat Pattern For Excellent Traction.
							
						
 
							🏑GELFOAM INSOLE- We Challenge You To Find A Hockey Shoe With More Cushioned, Comfy Insoles Than This. Gelfoam With Quick Dry Textile Bamboo & Cotton Fibre For Ventilation To Keep Your Feet Odor-free And Pampered.
							
						
 
							🏑PROGUARD TOE CAP- New And Improved Micro-fiber Toe Guard To Protect And Long Last In Wet Turf training.
							
						
 
							hockey shoes women for men field turf mens kids boys girls jazba womens woman junior size 6 8.5 trainers sports durable trekking shoe hiking trail running lacrosse baseball unisex"
B01HBIOPIG,New,https://www.amazon.com/New-Balance-FREEZV1-Lacrosse-White/dp/B01HBIOPIG/ref=sr_1_22?pf_rd_i=16225019011&pf_rd_m=ATVPDKIKX0DER&pf_rd_p=a8717793-9e88-48bb-b385-3487bae57557&pf_rd_r=A0Y4T1VK1Z4K6VG1HJJN&pf_rd_s=merchandised-search-left-2&pf_rd_t=101&qid=1569455465&rnid=10294506011&s=fashion-mens-intl-ship&sr=1-22,"https://images-na.ssl-images-amazon.com/images/I/51C1Ll%2BWtfL._AC_US40_.jpg,https://images-na.ssl-images-amazon.com/images/I/41Y4QXX1ggL._AC_US40_.jpg,https://images-na.ssl-images-amazon.com/images/I/41NSrLYoi9L._AC_US40_.jpg,https://images-na.ssl-images-amazon.com/images/I/41d9hko5YTL._AC_US40_.jpg,https://images-na.ssl-images-amazon.com/images/I/31EUgDK-iTL._AC_US40_.jpg,https://images-na.ssl-images-amazon.com/images/I/41tse04JUrL._AC_US40_.jpg,https://images-na.ssl-images-amazon.com/images/I/51TpXfckOpL._AC_US40_.jpg,https://images-na.ssl-images-amazon.com/images/G/01/x-locale/common/transparent-pixel._V192234675_.gif",New Balance 男式 Freeze v1 长曲棍球款鞋钉,4.6,"White/Red,Black/Silver,White/Blue","https://images-na.ssl-images-amazon.com/images/I/51C1Ll%2BWtfL._SS47_.jpg,https://images-na.ssl-images-amazon.com/images/I/51Hm2V7ivWL._SS47_.jpg,https://images-na.ssl-images-amazon.com/images/I/51DNUVAkmHL._SS47_.jpg",56,"TWD 3,470.15","TWD 3,599.46","100% Synthetic/ Textile
							
						
 
							Imported
							
						
 
							Synthetic sole
							
						
 
							開花
							
						
 
							Tpu 模製鞋釘"
B01N9BIT8D,New,https://www.amazon.com/New-Balance-Speed-Lacrosse-White/dp/B01N9BIT8D/ref=sr_1_23?pf_rd_i=16225019011&pf_rd_m=ATVPDKIKX0DER&pf_rd_p=a8717793-9e88-48bb-b385-3487bae57557&pf_rd_r=A0Y4T1VK1Z4K6VG1HJJN&pf_rd_s=merchandised-search-left-2&pf_rd_t=101&qid=1569455465&rnid=10294506011&s=fashion-mens-intl-ship&sr=1-23,"https://images-na.ssl-images-amazon.com/images/I/41j1fNaWjnL._AC_US40_.jpg,https://images-na.ssl-images-amazon.com/images/I/41Wy0AHAtdL._AC_US40_.jpg,https://images-na.ssl-images-amazon.com/images/I/41xjAh-aasL._AC_US40_.jpg,https://images-na.ssl-images-amazon.com/images/I/41dmM2RgahL._AC_US40_.jpg,https://images-na.ssl-images-amazon.com/images/I/41FU9c7RUhL._AC_US40_.jpg,https://images-na.ssl-images-amazon.com/images/I/41sXNpKNAxL._AC_US40_.jpg,https://images-na.ssl-images-amazon.com/images/I/51LpsdwKpYL._AC_US40_.jpg,https://images-na.ssl-images-amazon.com/images/G/01/x-locale/common/transparent-pixel._V192234675_.gif",New Balance Men's Burn Mid Speed Lacrosse Shoe,5.0,,,1 位客戶評價,"TWD 2,827.51","TWD 4,306.91","100% Textile and Synthetic
							
						
 
							Imported
							
						
 
							Rubber sole
							
						
 
							軸測量約 mid-top 從拱門
							
						
 
							TPR outsole
							
						
 
							TPU molded cleats"
B07B6YCKH7,New,https://www.amazon.com/New-Balance-Mens-Speed-Lacrosse/dp/B07B6YCKH7/ref=sr_1_24?pf_rd_i=16225019011&pf_rd_m=ATVPDKIKX0DER&pf_rd_p=a8717793-9e88-48bb-b385-3487bae57557&pf_rd_r=A0Y4T1VK1Z4K6VG1HJJN&pf_rd_s=merchandised-search-left-2&pf_rd_t=101&qid=1569455465&rnid=10294506011&s=fashion-mens-intl-ship&sr=1-24,"https://images-na.ssl-images-amazon.com/images/I/41qjnarjq2L._AC_US40_.jpg,https://images-na.ssl-images-amazon.com/images/I/41btw4V41ZL._AC_US40_.jpg,https://images-na.ssl-images-amazon.com/images/I/416Zj-j0Z2L._AC_US40_.jpg,https://images-na.ssl-images-amazon.com/images/I/313ZzkruX9L._AC_US40_.jpg,https://images-na.ssl-images-amazon.com/images/I/31o5OIGZ0pL._AC_US40_.jpg,https://images-na.ssl-images-amazon.com/images/I/41XUH4zOAaL._AC_US40_.jpg,https://images-na.ssl-images-amazon.com/images/I/41LgusCW8%2BL._AC_US40_.jpg,https://images-na.ssl-images-amazon.com/images/G/01/x-locale/common/transparent-pixel._V192234675_.gif",New Balance 男款 Rush V1 Speed 長曲棍球鞋,4.6,,,3,"TWD 1,864.38","TWD 2,233.99","布料與人造纖維
							
						
 
							Imported
							
						
 
							Rubber sole
							
						
 
							軸測量約 mid-top 從拱門
							
						
 
							TPU 模製鞋底
							
						
 
							TPR 大底"
B077LTCF97,Nike,https://www.amazon.com/Nike-Alpha-Huarache-Lacrosse-Cleat/dp/B077LTCF97/ref=sr_1_25?pf_rd_i=16225019011&pf_rd_m=ATVPDKIKX0DER&pf_rd_p=a8717793-9e88-48bb-b385-3487bae57557&pf_rd_r=A0Y4T1VK1Z4K6VG1HJJN&pf_rd_s=merchandised-search-left-2&pf_rd_t=101&qid=1569455465&rnid=10294506011&s=fashion-mens-intl-ship&sr=1-25,"https://images-na.ssl-images-amazon.com/images/I/41cyLLUudwL._AC_US40_.jpg,https://images-na.ssl-images-amazon.com/images/I/31mohr4o7tL._AC_US40_.jpg,https://images-na.ssl-images-amazon.com/images/I/418I98dFYZL._AC_US40_.jpg,https://images-na.ssl-images-amazon.com/images/I/51I4ZwZFkmL._AC_US40_.jpg,https://images-na.ssl-images-amazon.com/images/G/01/x-locale/common/transparent-pixel._V192234675_.gif",Nike 男款 Alpha Huarache 6 Pro Lax 長曲棍球鞋,3.1,,,3,"TWD 3,240.98","TWD 3,926.83","合成纖維
							
						
 
							100% 正品
							
						
 
							全新盒裝
							
						
 
							904581-101"
B01N1M8RI0,New,https://www.amazon.com/New-Balance-Speed-Lacrosse-White/dp/B01N1M8RI0/ref=sr_1_26?pf_rd_i=16225019011&pf_rd_m=ATVPDKIKX0DER&pf_rd_p=a8717793-9e88-48bb-b385-3487bae57557&pf_rd_r=A0Y4T1VK1Z4K6VG1HJJN&pf_rd_s=merchandised-search-left-2&pf_rd_t=101&qid=1569455465&rnid=10294506011&s=fashion-mens-intl-ship&sr=1-26,"https://images-na.ssl-images-amazon.com/images/I/41SIwuq6nlL._AC_US40_.jpg,https://images-na.ssl-images-amazon.com/images/I/41Skw%2BWhDyL._AC_US40_.jpg,https://images-na.ssl-images-amazon.com/images/I/4151MTfCniL._AC_US40_.jpg,https://images-na.ssl-images-amazon.com/images/I/41kY9BosdqL._AC_US40_.jpg,https://images-na.ssl-images-amazon.com/images/G/01/x-locale/common/transparent-pixel._V192234675_.gif","New Balance Men's Burn Mid Speed Lacrosse Shoe,",5.0,,,1 位客戶評價,"TWD 2,827.51","TWD 3,478.33","Synthetic
							
						
 
							Imported
							
						
 
							TPR outsole
							
						
 
							TPU molded cleats"
B074FG75WK,adidas,https://www.amazon.com/adidas-Freak-Lacrosse-Light-Purple-Purple/dp/B074FG75WK/ref=sr_1_27?pf_rd_i=16225019011&pf_rd_m=ATVPDKIKX0DER&pf_rd_p=a8717793-9e88-48bb-b385-3487bae57557&pf_rd_r=A0Y4T1VK1Z4K6VG1HJJN&pf_rd_s=merchandised-search-left-2&pf_rd_t=101&qid=1569455465&rnid=10294506011&s=fashion-mens-intl-ship&sr=1-27,"https://images-na.ssl-images-amazon.com/images/I/41eyZJ2LoVL._AC_US40_.jpg,https://images-na.ssl-images-amazon.com/images/G/01/x-locale/common/transparent-pixel._V192234675_.gif",adidas Freak Lax 中鞋 - 男款長曲棍球,,,,,"TWD 3,273.39",,"合成纖維
							
						
 
							Techfit 鞋面設計為自然、彈性支撐和無縫、襪子般合身
							
						
 
							LAX 繫帶系統可在腳周圍安全鎖定
							
						
 
							領襯裏優化襯墊，提供舒適和保護
							
						
 
							腳趾蓋，包覆側面，提供額外的前腳保護和防噴
							
						
 
							解剖成型的 EVA 鞋底完美融合了舒適性和輕量"
B0751PSR1F,New,https://www.amazon.com/New-Balance-Recovery-Transition-Lacrosse/dp/B0751PSR1F/ref=sr_1_28?pf_rd_i=16225019011&pf_rd_m=ATVPDKIKX0DER&pf_rd_p=a8717793-9e88-48bb-b385-3487bae57557&pf_rd_r=A0Y4T1VK1Z4K6VG1HJJN&pf_rd_s=merchandised-search-left-2&pf_rd_t=101&qid=1569455465&rnid=10294506011&s=fashion-mens-intl-ship&sr=1-28,"https://images-na.ssl-images-amazon.com/images/I/51QwKHjHHRL._AC_US40_.jpg,https://images-na.ssl-images-amazon.com/images/I/51Z7lX6iliL._AC_US40_.jpg,https://images-na.ssl-images-amazon.com/images/I/51-TzklJPOL._AC_US40_.jpg,https://images-na.ssl-images-amazon.com/images/I/31hKTTAgw0L._AC_US40_.jpg,https://images-na.ssl-images-amazon.com/images/I/518QXCrXIbL._AC_US40_.jpg,https://images-na.ssl-images-amazon.com/images/I/51r5P9lV4OL._AC_US40_.jpg,https://images-na.ssl-images-amazon.com/images/I/51VdgAQqUoL._AC_US40_.jpg,https://images-na.ssl-images-amazon.com/images/G/01/x-locale/common/transparent-pixel._V192234675_.gif",New Balance 男款 Rcvry 長曲棍球鞋,4.4,"Black/White,Tan/Tan,Navy/White,Grey/White,Red,Tan/White,White/Black,Grey/Grey,White/Silver Mink,Navy,Black Heather,Beige,Covert Green,White,Maroon,Grey,Black/Black,Black With White,Tan,Multi,Grey With White,Silver,Black,Navy/Navy","https://images-na.ssl-images-amazon.com/images/I/319kk3lyQxL._SS36_.jpg,https://images-na.ssl-images-amazon.com/images/I/411exor3rvL._SS36_.jpg,https://images-na.ssl-images-amazon.com/images/I/41%2B1m3JVgBL._SS36_.jpg,https://images-na.ssl-images-amazon.com/images/I/4136P0N82YL._SS36_.jpg,https://images-na.ssl-images-amazon.com/images/I/41%2BHCKe1MoL._SS36_.jpg,https://images-na.ssl-images-amazon.com/images/I/41ac94SaULL._SS36_.jpg,https://images-na.ssl-images-amazon.com/images/I/51QwKHjHHRL._SS36_.jpg,https://images-na.ssl-images-amazon.com/images/I/41AXjs06HML._SS36_.jpg,https://images-na.ssl-images-amazon.com/images/I/412TwYpG%2BgL._SS36_.jpg,https://images-na.ssl-images-amazon.com/images/I/41%2B1m3JVgBL._SS36_.jpg,https://images-na.ssl-images-amazon.com/images/I/319kk3lyQxL._SS36_.jpg,https://images-na.ssl-images-amazon.com/images/I/31fOuTv6ZGL._SS36_.jpg,https://images-na.ssl-images-amazon.com/images/I/41%2BT7gclx4L._SS36_.jpg,https://images-na.ssl-images-amazon.com/images/I/41-iclJwnPL._SS36_.jpg,https://images-na.ssl-images-amazon.com/images/I/41LBM4nfM8L._SS36_.jpg,https://images-na.ssl-images-amazon.com/images/I/4136P0N82YL._SS36_.jpg,https://images-na.ssl-images-amazon.com/images/I/4140fY4ku5L._SS36_.jpg,https://images-na.ssl-images-amazon.com/images/I/319kk3lyQxL._SS36_.jpg,https://images-na.ssl-images-amazon.com/images/I/411exor3rvL._SS36_.jpg,https://images-na.ssl-images-amazon.com/images/I/416TGV9ZgpL._SS36_.jpg,https://images-na.ssl-images-amazon.com/images/I/4136P0N82YL._SS36_.jpg,https://images-na.ssl-images-amazon.com/images/I/11idZ-wrZUL._SS36_.jpg,https://images-na.ssl-images-amazon.com/images/I/41tawWXy8GL._SS36_.jpg,https://images-na.ssl-images-amazon.com/images/I/41f7MPUTlBL._SS36_.jpg",140,TWD 444.24,"TWD 65,441.70","織品和合成
							
						
 
							Imported
							
						
 
							Rubber sole
							
						
 
							軸測量約 low-top 從拱門
							
						
 
							鞋墊+中底
							
						
 
							按摩鞋墊
							
						
 
							無領帶鞋帶
							
						
 
							運動後休閒鞋"
B01LWZGG4I,New,https://www.amazon.com/New-Balance-Mens-Apres-Lacrosse/dp/B01LWZGG4I/ref=sr_1_29?pf_rd_i=16225019011&pf_rd_m=ATVPDKIKX0DER&pf_rd_p=a8717793-9e88-48bb-b385-3487bae57557&pf_rd_r=A0Y4T1VK1Z4K6VG1HJJN&pf_rd_s=merchandised-search-left-2&pf_rd_t=101&qid=1569455465&rnid=10294506011&s=fashion-mens-intl-ship&sr=1-29,"https://images-na.ssl-images-amazon.com/images/I/41OUiBJKlpL._AC_US40_.jpg,https://images-na.ssl-images-amazon.com/images/I/51L5dlx5dML._AC_US40_.jpg,https://images-na.ssl-images-amazon.com/images/I/41nQz6U2MtL._AC_US40_.jpg,https://images-na.ssl-images-amazon.com/images/I/31SZxXRWRjL._AC_US40_.jpg,https://images-na.ssl-images-amazon.com/images/I/41WI7ibtk2L._AC_US40_.jpg,https://images-na.ssl-images-amazon.com/images/I/31hxDfs1TdL._AC_US40_.jpg,https://images-na.ssl-images-amazon.com/images/I/41b2FqMjxML._AC_US40_.jpg,https://images-na.ssl-images-amazon.com/images/G/01/x-locale/common/transparent-pixel._V192234675_.gif",New Balance 男款 Apres 長曲棍球鞋,3.6,"Tan/Tan,Grey/White","https://images-na.ssl-images-amazon.com/images/I/41OUiBJKlpL._SS47_.jpg,https://images-na.ssl-images-amazon.com/images/I/41U89eonDZL._SS47_.jpg",15,TWD 870.48,"TWD 1,965.54","100% Textile/Synthetic
							
						
 
							Imported
							
						
 
							Rubber sole
							
						
 
							泡沫中底
							
						
 
							戰爭科技"
B00FS41S5Y,Nike,https://www.amazon.com/NIKE-Mens-Huarache-White-Orange/dp/B00FS41S5Y/ref=sr_1_30?pf_rd_i=16225019011&pf_rd_m=ATVPDKIKX0DER&pf_rd_p=a8717793-9e88-48bb-b385-3487bae57557&pf_rd_r=A0Y4T1VK1Z4K6VG1HJJN&pf_rd_s=merchandised-search-left-2&pf_rd_t=101&qid=1569455465&rnid=10294506011&s=fashion-mens-intl-ship&sr=1-30,"https://images-na.ssl-images-amazon.com/images/I/419keGGZ-QL._AC_US40_.jpg,https://images-na.ssl-images-amazon.com/images/G/01/x-locale/common/transparent-pixel._V192234675_.gif",Nike 男款 Air Huarache 4 長曲棍球鞋,,,,,,,"網眼舌透氣。
							
						
 
							Flywire 電纜，擁抱腳定製合身。
							
						
 
							合成層和網狀層混合，提供最佳的舒適性。"
B07G99ZQLM,Socviis,https://www.amazon.com/Socviis-Athletic-Sneakers-Aerobics-Gym%EF%BC%881008All/dp/B07G99ZQLM/ref=sr_1_31?pf_rd_i=16225019011&pf_rd_m=ATVPDKIKX0DER&pf_rd_p=a8717793-9e88-48bb-b385-3487bae57557&pf_rd_r=A0Y4T1VK1Z4K6VG1HJJN&pf_rd_s=merchandised-search-left-2&pf_rd_t=101&qid=1569455465&rnid=10294506011&s=fashion-mens-intl-ship&sr=1-31,"https://images-na.ssl-images-amazon.com/images/I/415ArXPUZ8L._AC_US40_.jpg,https://images-na.ssl-images-amazon.com/images/I/41w2fCPoH9L._AC_US40_.jpg,https://images-na.ssl-images-amazon.com/images/I/4184MqVjYEL._AC_US40_.jpg,https://images-na.ssl-images-amazon.com/images/I/41Pw8GzKVhL._AC_US40_.jpg,https://images-na.ssl-images-amazon.com/images/I/61fjT7DnpPL._AC_US40_.jpg,https://images-na.ssl-images-amazon.com/images/I/412eRs4EabL._AC_US40_.jpg,https://images-na.ssl-images-amazon.com/images/I/51Aen8OvWNL._AC_US40_.jpg,https://images-na.ssl-images-amazon.com/images/G/01/x-locale/common/transparent-pixel._V192234675_.gif",Socviis 男款休閒運動鞋 舒適慢跑鞋 懶人鞋 男款健行健身,3.5,"800black White,1008all Black,1008gray Blue,800red,1008black White,800all Black","https://images-na.ssl-images-amazon.com/images/I/412T9awAKsL._SS36_.jpg,https://images-na.ssl-images-amazon.com/images/I/415ArXPUZ8L._SS36_.jpg,https://images-na.ssl-images-amazon.com/images/I/51mTAn2t2rL._SS36_.jpg,https://images-na.ssl-images-amazon.com/images/I/41bmLucO6qL._SS36_.jpg,https://images-na.ssl-images-amazon.com/images/I/41rnpG3aCgL._SS36_.jpg,https://images-na.ssl-images-amazon.com/images/I/41yJIGyxEYL._SS36_.jpg",56,TWD 556.21,TWD 719.89,"Knit
							
						
 
							MD sole
							
						
 
							針織鞋面：透氣 蒼蠅 針織 織布鞋面提供卓越的舒適性，彈性柔軟和耐用性。 快乾功能：內建透氣網布鞋面設計可最大限度地改善表面區域並保持腳部涼爽。
							
						
 
							MD 鞋底：防滑 MD 鞋底，彈性高，柔軟度佳，可自由彎曲。 非常耐用穩定，抗碰撞。 完美符合人體工程，綠色，健康概念設計。
							
						
 
							輕量運動鞋：輕量運動鞋，穿戴容易。 顏色：全黑、黑白、灰藍、海軍藍等。
							
						
 
							適用場合：休閒、步行、跑步、旅行、運動員、運動、健身房、網球、戶外、旅行、運動、健身、野外運動、曲棍球和其他戶外運動。
							
						
 
							男款休閒運動鞋戶外運動越野跑步鞋 時尚針織步行鞋 舒適輕盈透氣健身房健身套入式男鞋 護士餐廳 訓練 健行 網球 棒球 壁球 自行車 排球 慢跑 工作 有氧運動"
B07BHK862T,adidas,https://www.amazon.com/adidas-Adizero-Lacrosse-White-Silver-Metallic/dp/B07BHK862T/ref=sr_1_32?pf_rd_i=16225019011&pf_rd_m=ATVPDKIKX0DER&pf_rd_p=a8717793-9e88-48bb-b385-3487bae57557&pf_rd_r=A0Y4T1VK1Z4K6VG1HJJN&pf_rd_s=merchandised-search-left-2&pf_rd_t=101&qid=1569455465&rnid=10294506011&s=fashion-mens-intl-ship&sr=1-32,"https://images-na.ssl-images-amazon.com/images/I/3146YjgJcwL._AC_US40_.jpg,https://images-na.ssl-images-amazon.com/images/I/31djggWYxNL._AC_US40_.jpg,https://images-na.ssl-images-amazon.com/images/I/31wfyuq15FL._AC_US40_.jpg,https://images-na.ssl-images-amazon.com/images/I/41IpfezjQDL._AC_US40_.jpg,https://images-na.ssl-images-amazon.com/images/I/41vOTS75PUL._AC_US40_.jpg,https://images-na.ssl-images-amazon.com/images/I/41k8NrNllQL._AC_US40_.jpg,https://images-na.ssl-images-amazon.com/images/G/01/x-locale/common/transparent-pixel._V192234675_.gif",adidas Adizero 5-Star 7.0 Cleat - 男款曲棍球白色,,,,,,,"合成纖維
							
						
 
							彈性鎖緊；無與倫比的牽引力
							
						
 
							解剖學蕾絲結構有助於緩解壓力，舒適貼合
							
						
 
							Sprintskin 是一種革命性的單層合成材質，提供難以置信的支撐力並減少重量
							
						
 
							Speed Spat 接縫膠帶緊密貼合，提升鎖緊度，提升鞋面自然彈性
							
						
 
							帶外部鞋跟的 Sprintframe 板具有彈簧扣和旋轉牽引區，提供無與倫比的牽引力"
B0058CBFWM,ASICS,https://www.amazon.com/ASICS-GEL-Prevail-Lacrosse-Silver-US/dp/B0058CBFWM/ref=sr_1_33?pf_rd_i=16225019011&pf_rd_m=ATVPDKIKX0DER&pf_rd_p=a8717793-9e88-48bb-b385-3487bae57557&pf_rd_r=A0Y4T1VK1Z4K6VG1HJJN&pf_rd_s=merchandised-search-left-2&pf_rd_t=101&qid=1569455465&rnid=10294506011&s=fashion-mens-intl-ship&sr=1-33,"https://images-na.ssl-images-amazon.com/images/I/41I0-h-3fiL._AC_US40_.jpg,https://images-na.ssl-images-amazon.com/images/I/41618X%2B7TqL._AC_US40_.jpg,https://images-na.ssl-images-amazon.com/images/I/41kC9D%2B7dpL._AC_US40_.jpg,https://images-na.ssl-images-amazon.com/images/I/31tHwqRmszL._AC_US40_.jpg,https://images-na.ssl-images-amazon.com/images/I/31UVqNY02BL._AC_US40_.jpg,https://images-na.ssl-images-amazon.com/images/I/41yIKf7lF7L._AC_US40_.jpg,https://images-na.ssl-images-amazon.com/images/I/41QaSIM8SzL._AC_US40_.jpg,https://images-na.ssl-images-amazon.com/images/G/01/x-locale/common/transparent-pixel._V192234675_.gif",ASICS 男款 GEL-Prevail 中長曲棍球鞋,4.1,"Black/Silver,White/Black/Silver","https://images-na.ssl-images-amazon.com/images/I/41izlM%2BR0EL._SS47_.jpg,https://images-na.ssl-images-amazon.com/images/I/41I0-h-3fiL._SS47_.jpg",12,"TWD 1,666.00","TWD 2,357.08","100% Synthetic and mesh
							
						
 
							Rubber sole
							
						
 
							合成皮革鞋面提供極佳的支撐力，不會讓您沉重。
							
						
 
							PGuard 鞋頭保護套延長了鞋子的耐用性。
							
						
 
							全綁帶設計，更加集中支撐。
							
						
 
							加墊鞋領、鞋舌和內底可舒適地包覆雙腳，並在快速移動時將其固定。
							
						
 
							鞋面：合成／大底：橡膠"
B01D3XK6CM,Under,https://www.amazon.com/Under-Armour-Finisher-Lacrosse-White/dp/B01D3XK6CM/ref=sr_1_34?pf_rd_i=16225019011&pf_rd_m=ATVPDKIKX0DER&pf_rd_p=a8717793-9e88-48bb-b385-3487bae57557&pf_rd_r=A0Y4T1VK1Z4K6VG1HJJN&pf_rd_s=merchandised-search-left-2&pf_rd_t=101&qid=1569455465&rnid=10294506011&s=fashion-mens-intl-ship&sr=1-34,"https://images-na.ssl-images-amazon.com/images/I/41lwnjx9Q5L._AC_US40_.jpg,https://images-na.ssl-images-amazon.com/images/I/51Rr%2B6u-cfL._AC_US40_.jpg,https://images-na.ssl-images-amazon.com/images/I/517j%2B1GiczL._AC_US40_.jpg,https://images-na.ssl-images-amazon.com/images/I/416rDC-RQgL._AC_US40_.jpg,https://images-na.ssl-images-amazon.com/images/I/410YmD03YKL._AC_US40_.jpg,https://images-na.ssl-images-amazon.com/images/I/41Mu4UHe-gL._AC_US40_.jpg,https://images-na.ssl-images-amazon.com/images/I/41YTTQlVfgL._AC_US40_.jpg,https://images-na.ssl-images-amazon.com/images/G/01/x-locale/common/transparent-pixel._V192234675_.gif",Under Armour 男款 Lax Finisher 草坪長曲棍球鞋，白色/黑色,4.0,,,6,"TWD 1,963.91","TWD 2,291.28","Synthetic Leather, Molded Rubber
							
						
 
							Imported
							
						
 
							Rubber sole
							
						
 
							軸測量約 low-top 從拱門
							
						
 
							輕盈性能合成鞋面，中腳開放網眼窗，提供更大的透氣性
							
						
 
							前腳有塗層網眼，增強舒適度，打造持久耐用
							
						
 
							模切 EVA 鞋墊提供卓越的舒適性和耐用性圖案橡膠外底 — 非常適合乾燥的自然表面和人造草坪田
重量：8.8 盎司"
B01H7JCUSQ,New,https://www.amazon.com/New-Balance-FREEZTV1-Lacrosse-White/dp/B01H7JCUSQ/ref=sr_1_35?pf_rd_i=16225019011&pf_rd_m=ATVPDKIKX0DER&pf_rd_p=a8717793-9e88-48bb-b385-3487bae57557&pf_rd_r=A0Y4T1VK1Z4K6VG1HJJN&pf_rd_s=merchandised-search-left-2&pf_rd_t=101&qid=1569455465&rnid=10294506011&s=fashion-mens-intl-ship&sr=1-35,"https://images-na.ssl-images-amazon.com/images/I/411jW%2B67E6L._AC_US40_.jpg,https://images-na.ssl-images-amazon.com/images/I/41FESWCj01L._AC_US40_.jpg,https://images-na.ssl-images-amazon.com/images/I/41mctYQUO8L._AC_US40_.jpg,https://images-na.ssl-images-amazon.com/images/I/41mZZiO1dwL._AC_US40_.jpg,https://images-na.ssl-images-amazon.com/images/I/31rAfDuIwpL._AC_US40_.jpg,https://images-na.ssl-images-amazon.com/images/I/41TqnmLDOUL._AC_US40_.jpg,https://images-na.ssl-images-amazon.com/images/I/41-QCOiX7XL._AC_US40_.jpg,https://images-na.ssl-images-amazon.com/images/G/01/x-locale/common/transparent-pixel._V192234675_.gif",New Balance 男式 Freeze v1 長曲棍球鞋,4.5,"White/Black,Black/Grey","https://images-na.ssl-images-amazon.com/images/I/411jW%2B67E6L._SS47_.jpg,https://images-na.ssl-images-amazon.com/images/I/41bhbnO8kJL._SS47_.jpg",27,"TWD 2,944.71","TWD 3,144.08","100% Synthetic/ Textile
							
						
 
							Imported
							
						
 
							Synthetic sole
							
						
 
							開花
							
						
 
							磨砂草地底"
B07BHKW2J3,adidas,https://www.amazon.com/adidas-Adizero-Lacrosse-Black-Silver-Metallic/dp/B07BHKW2J3/ref=sr_1_36?pf_rd_i=16225019011&pf_rd_m=ATVPDKIKX0DER&pf_rd_p=a8717793-9e88-48bb-b385-3487bae57557&pf_rd_r=A0Y4T1VK1Z4K6VG1HJJN&pf_rd_s=merchandised-search-left-2&pf_rd_t=101&qid=1569455465&rnid=10294506011&s=fashion-mens-intl-ship&sr=1-36,"https://images-na.ssl-images-amazon.com/images/I/31QXfDEsBML._AC_US40_.jpg,https://images-na.ssl-images-amazon.com/images/I/31zt9gzji0L._AC_US40_.jpg,https://images-na.ssl-images-amazon.com/images/I/31dz5mRZSkL._AC_US40_.jpg,https://images-na.ssl-images-amazon.com/images/I/510nVjonfML._AC_US40_.jpg,https://images-na.ssl-images-amazon.com/images/I/415--aV31%2BL._AC_US40_.jpg,https://images-na.ssl-images-amazon.com/images/I/41caMiQbeiL._AC_US40_.jpg,https://images-na.ssl-images-amazon.com/images/I/51r7vtBMu1L._AC_US40_.jpg,https://images-na.ssl-images-amazon.com/images/G/01/x-locale/common/transparent-pixel._V192234675_.gif",adidas Adizero 5-Star 7.0 Cleat - 男款長曲棍球,5.0,,,1 位客戶評價,"TWD 4,544.25","TWD 5,315.54","合成纖維
							
						
 
							彈性鎖定；無與倫比的牽引力
							
						
 
							解剖花邊結構有助於緩解壓力，舒適貼合
							
						
 
							Sprintskin 是一款革命性的單層合成材料，可提供令人難以置信的支撐和減輕重量
							
						
 
							Speed Spat 接縫膠帶巧妙地放置，可提升鎖緊度並促進上部自然彎曲
							
						
 
							帶外部腳跟的Sprintframes和旋轉牽引區，提供無與倫比的牽引力"
B00Q0P7ICC,Nike,https://www.amazon.com/Vapor-Speed-Orange-Lacrosse-Cleats/dp/B00Q0P7ICC/ref=sr_1_37?pf_rd_i=16225019011&pf_rd_m=ATVPDKIKX0DER&pf_rd_p=a8717793-9e88-48bb-b385-3487bae57557&pf_rd_r=A0Y4T1VK1Z4K6VG1HJJN&pf_rd_s=merchandised-search-left-2&pf_rd_t=101&qid=1569455465&rnid=10294506011&s=fashion-mens-intl-ship&sr=1-37,"https://images-na.ssl-images-amazon.com/images/I/51jJnupJl5L._AC_US40_.jpg,https://images-na.ssl-images-amazon.com/images/I/41ePC-BpbvL._AC_US40_.jpg,https://images-na.ssl-images-amazon.com/images/I/41%2BNR4sKfGL._AC_US40_.jpg,https://images-na.ssl-images-amazon.com/images/G/01/x-locale/common/transparent-pixel._V192234675_.gif",Nike 男式 Vapor Speed 长曲棍球款鞋钉,4.1,"Blue/White,white/brilliant orange,White/Orange","https://images-na.ssl-images-amazon.com/images/I/41j25BTgmlL._SS36_.jpg,https://images-na.ssl-images-amazon.com/images/I/51jJnupJl5L._SS36_.jpg,https://images-na.ssl-images-amazon.com/images/I/41fGhGWeNDL._SS36_.jpg",5,"TWD 1,113.07","TWD 3,568.36","布料與人造纖維
							
						
 
							tpu sole
							
						
 
							Lunarlite 泡沫中底超輕，提供卓越的緩衝與獨特的細胞結構
							
						
 
							合成鞋面耐用且時尚
							
						
 
							高抓地力，無痕橡膠大底
							
						
 
							Flywire 減重並增加強度
							
						
 
							網狀襯裡增加透氣舒適"
B06XKJKTVS,Under,https://www.amazon.com/Under-Armour-Highlight-Lacrosse-White/dp/B06XKJKTVS/ref=sr_1_38?pf_rd_i=16225019011&pf_rd_m=ATVPDKIKX0DER&pf_rd_p=a8717793-9e88-48bb-b385-3487bae57557&pf_rd_r=A0Y4T1VK1Z4K6VG1HJJN&pf_rd_s=merchandised-search-left-2&pf_rd_t=101&qid=1569455465&rnid=10294506011&s=fashion-mens-intl-ship&sr=1-38,"https://images-na.ssl-images-amazon.com/images/I/514Mrb5TRVL._AC_US40_.jpg,https://images-na.ssl-images-amazon.com/images/I/41Bfbv%2B7InL._AC_US40_.jpg,https://images-na.ssl-images-amazon.com/images/I/4189zqSqDyL._AC_US40_.jpg,https://images-na.ssl-images-amazon.com/images/I/31Q4asijFjL._AC_US40_.jpg,https://images-na.ssl-images-amazon.com/images/I/41X0EnhT9yL._AC_US40_.jpg,https://images-na.ssl-images-amazon.com/images/I/51giQbG2rVL._AC_US40_.jpg,https://images-na.ssl-images-amazon.com/images/I/51h55wz%2BNUL._AC_US40_.jpg,https://images-na.ssl-images-amazon.com/images/G/01/x-locale/common/transparent-pixel._V192234675_.gif",Under Armour 男式 Highlight M.C. 長曲棍球鞋,4.5,"White (161)/Red,White (100)/Metallic Silver,Black/Metallic Silver,White (141)/Team Royal,White (142)/Midnight Navy","https://images-na.ssl-images-amazon.com/images/I/517N43TkMDL._SS36_.jpg,https://images-na.ssl-images-amazon.com/images/I/418XBmrR3yL._SS36_.jpg,https://images-na.ssl-images-amazon.com/images/I/51yH1qWXIbL._SS36_.jpg,https://images-na.ssl-images-amazon.com/images/I/514Mrb5TRVL._SS36_.jpg,https://images-na.ssl-images-amazon.com/images/I/51CxuQIRZsL._SS36_.jpg",65,"TWD 2,782.66","TWD 4,254.20","合成纖維
							
						
 
							Made in USA or Imported
							
						
 
							軸測量大約 7」從拱門
							
						
 
							UA ClutchFit 鞋面將您的腳包裹在「第二層皮」的優勢中，提供強大的支撐和令人難以置信的感受
							
						
 
							輕盈的材料創新造就您腳的輪廓，阻擋您的接頭 & 肌肉，為您提供更好的感覺、合身度和支撐力
							
						
 
							3D 模製 MPZ 鞋舌，為您的腳量身打造並提供額外保護
							
						
 
							延伸的眼部切口使進入更方便 & 卓越的靈活性
							
						
 
							模製 4D 泡棉鞋墊符合您鞋子的確切形狀，消除滑落和減少鞋釘壓力"
B076VVMYNB,Under,https://www.amazon.com/Under-Armour-Highlight-Limited-Lacrosse/dp/B076VVMYNB/ref=sr_1_39?pf_rd_i=16225019011&pf_rd_m=ATVPDKIKX0DER&pf_rd_p=a8717793-9e88-48bb-b385-3487bae57557&pf_rd_r=A0Y4T1VK1Z4K6VG1HJJN&pf_rd_s=merchandised-search-left-2&pf_rd_t=101&qid=1569455465&rnid=10294506011&s=fashion-mens-intl-ship&sr=1-39,"https://images-na.ssl-images-amazon.com/images/I/41xyBI8ZzwL._AC_US40_.jpg,https://images-na.ssl-images-amazon.com/images/G/01/x-locale/common/transparent-pixel._V192234675_.gif",Under Armour 男款 Highlight Mc Limited Edition 長曲棍球鞋,4.7,"White (101)/White,White (103)/Red,White/ White","https://images-na.ssl-images-amazon.com/images/I/41aPweZELhL._SS36_.jpg,https://images-na.ssl-images-amazon.com/images/I/41xyBI8ZzwL._SS36_.jpg,https://images-na.ssl-images-amazon.com/images/I/41aPweZELhL._SS36_.jpg",4,"TWD 4,583.21","TWD 5,958.17","合成纖維
							
						
 
							Imported
							
						
 
							Synthetic sole
							
						
 
							軸測量大約 7」從拱門
							
						
 
							在盔甲的使命是通過激情、設計和不懈追求創新，使所有運動員都更好
							
						
 
							我們從哪裏開始？ 這一切都始於一個想法，建立一個卓越的T恤
							
						
 
							在Armour爲男性、女性和青少年的分類下很複雜，但獲得好處很簡單：當熱時穿HeatGear時，ColdGear在寒冷的時候，四季齒輪之間"
B075HSZMGJ,adidas,https://www.amazon.com/adidas-Freak-Shoe-Lacrosse-Yellow-Silver/dp/B075HSZMGJ/ref=sr_1_40?pf_rd_i=16225019011&pf_rd_m=ATVPDKIKX0DER&pf_rd_p=a8717793-9e88-48bb-b385-3487bae57557&pf_rd_r=A0Y4T1VK1Z4K6VG1HJJN&pf_rd_s=merchandised-search-left-2&pf_rd_t=101&qid=1569455465&rnid=10294506011&s=fashion-mens-intl-ship&sr=1-40,"https://images-na.ssl-images-amazon.com/images/I/412Y06s00yL._AC_US40_.jpg,https://images-na.ssl-images-amazon.com/images/I/41tJGhkKRLL._AC_US40_.jpg,https://images-na.ssl-images-amazon.com/images/I/41Fwio%2B6cBL._AC_US40_.jpg,https://images-na.ssl-images-amazon.com/images/I/411l72pU9cL._AC_US40_.jpg,https://images-na.ssl-images-amazon.com/images/G/01/x-locale/common/transparent-pixel._V192234675_.gif",adidas Freak Lax 中鞋 - 男款長曲棍球,,,,,"TWD 3,273.39",,"合成纖維
							
						
 
							Techfit 鞋面設計為自然、彈性支撐和無縫、襪子般合身
							
						
 
							LAX 繫帶系統可在腳周圍安全鎖定
							
						
 
							領襯裏優化襯墊，提供舒適和保護
							
						
 
							腳趾蓋，包覆側面，提供額外的前腳保護和防噴
							
						
 
							解剖成型的 EVA 鞋底完美融合了舒適性和輕量"
B074FJ7B52,adidas,https://www.amazon.com/adidas-Freak-Lacrosse-Energy-Aqua-Petrol-Light/dp/B074FJ7B52/ref=sr_1_41?pf_rd_i=16225019011&pf_rd_m=ATVPDKIKX0DER&pf_rd_p=a8717793-9e88-48bb-b385-3487bae57557&pf_rd_r=A0Y4T1VK1Z4K6VG1HJJN&pf_rd_s=merchandised-search-left-2&pf_rd_t=101&qid=1569455465&rnid=10294506011&s=fashion-mens-intl-ship&sr=1-41,"https://images-na.ssl-images-amazon.com/images/I/417i%2BVxYfeL._AC_US40_.jpg,https://images-na.ssl-images-amazon.com/images/I/41w%2BqkBZSEL._AC_US40_.jpg,https://images-na.ssl-images-amazon.com/images/I/41GQQGKQeyL._AC_US40_.jpg,https://images-na.ssl-images-amazon.com/images/I/418vJvFKySL._AC_US40_.jpg,https://images-na.ssl-images-amazon.com/images/G/01/x-locale/common/transparent-pixel._V192234675_.gif",adidas Freak Lax 中鞋 - 男款長曲棍球,,,,,"TWD 3,273.39",,"合成纖維
							
						
 
							Techfit 鞋面設計為自然、彈性支撐和無縫、襪子般合身
							
						
 
							LAX 繫帶系統可在腳周圍安全鎖定
							
						
 
							領襯裏優化襯墊，提供舒適和保護
							
						
 
							腳趾蓋，包覆側面，提供額外的前腳保護和防噴
							
						
 
							解剖成型的 EVA 鞋底完美融合了舒適性和輕量"
B01IW9NEDU,adidas,https://www.amazon.com/adidas-Field-Hockey-Collegiate-Orange/dp/B01IW9NEDU/ref=sr_1_42?pf_rd_i=16225019011&pf_rd_m=ATVPDKIKX0DER&pf_rd_p=a8717793-9e88-48bb-b385-3487bae57557&pf_rd_r=A0Y4T1VK1Z4K6VG1HJJN&pf_rd_s=merchandised-search-left-2&pf_rd_t=101&qid=1569455465&rnid=10294506011&s=fashion-mens-intl-ship&sr=1-42,"https://images-na.ssl-images-amazon.com/images/I/51QlWCtjOpL._AC_US40_.jpg,https://images-na.ssl-images-amazon.com/images/I/413l87IaUWL._AC_US40_.jpg,https://images-na.ssl-images-amazon.com/images/I/51ulMcav2lL._AC_US40_.jpg,https://images-na.ssl-images-amazon.com/images/I/41sfVTHOudL._AC_US40_.jpg,https://images-na.ssl-images-amazon.com/images/I/51aggbUZtaL._AC_US40_.jpg,https://images-na.ssl-images-amazon.com/images/I/51hlSNwpnqL._AC_US40_.jpg,https://images-na.ssl-images-amazon.com/images/I/41JIIa42RPL._AC_US40_.jpg,https://images-na.ssl-images-amazon.com/images/G/01/x-locale/common/transparent-pixel._V192234675_.gif",adidas 男款 Zone DOX 曲棍球鞋,4.0,,,1 位客戶評價,"TWD 4,837.58",,"合成纖維
							
						
 
							Imported
							
						
 
							Rubber sole
							
						
 
							軸測量約 low-top 從拱門
							
						
 
							網眼和合成鞋面透氣與支撐
							
						
 
							超輕巧、時尚搭建
							
						
 
							SPRINTFRAME 結構在輕盈和穩定之間提供完美平衡
							
						
 
							抓地力大底提供安全抓地力"
B0762ZG4K7,adidas,https://www.amazon.com/adidas-Freak-Lacrosse-Pink-Ruby-Metallic-Trace/dp/B0762ZG4K7/ref=sr_1_43?pf_rd_i=16225019011&pf_rd_m=ATVPDKIKX0DER&pf_rd_p=a8717793-9e88-48bb-b385-3487bae57557&pf_rd_r=A0Y4T1VK1Z4K6VG1HJJN&pf_rd_s=merchandised-search-left-2&pf_rd_t=101&qid=1569455465&rnid=10294506011&s=fashion-mens-intl-ship&sr=1-43,"https://images-na.ssl-images-amazon.com/images/I/41RHnS3RMSL._AC_US40_.jpg,https://images-na.ssl-images-amazon.com/images/G/01/x-locale/common/transparent-pixel._V192234675_.gif",adidas Freak Lax 中鞋 - 男款長曲棍球,,,,,"TWD 2,853.38",,"合成纖維
							
						
 
							Techfit 鞋面設計為自然、彈性支撐和無縫、襪子般合身
							
						
 
							LAX 繫帶系統可在腳周圍安全鎖定
							
						
 
							領襯裏優化襯墊，提供舒適和保護
							
						
 
							腳趾蓋，包覆側面，提供額外的前腳保護和防噴
							
						
 
							解剖成型的 EVA 鞋底完美融合了舒適性和輕量"
B074YBQJYX,adidas,https://www.amazon.com/adidas-Freak-Lax-Mid-Cleat/dp/B074YBQJYX/ref=sr_1_44?pf_rd_i=16225019011&pf_rd_m=ATVPDKIKX0DER&pf_rd_p=a8717793-9e88-48bb-b385-3487bae57557&pf_rd_r=A0Y4T1VK1Z4K6VG1HJJN&pf_rd_s=merchandised-search-left-2&pf_rd_t=101&qid=1569455465&rnid=10294506011&s=fashion-mens-intl-ship&sr=1-44,"https://images-na.ssl-images-amazon.com/images/I/417jNFcFyoL._AC_US40_.jpg,https://images-na.ssl-images-amazon.com/images/I/41f09iKb3cL._AC_US40_.jpg,https://images-na.ssl-images-amazon.com/images/I/41QN%2BI7WGWL._AC_US40_.jpg,https://images-na.ssl-images-amazon.com/images/I/41I2YYOnUSL._AC_US40_.jpg,https://images-na.ssl-images-amazon.com/images/G/01/x-locale/common/transparent-pixel._V192234675_.gif",adidas Freak Lax Mid Cleat - Unisex Lacrosse,,,,,"TWD 3,273.39",,"Synthetic
							
						
 
							SPRINTSKIN upper is a synthetic laminated package that provides unmatched support and a secure lightweight fit while a lightweight mesh lining improves support and breathability
							
						
 
							Integrated embroidered LOCKWEB for zonal support
							
						
 
							Heel cup locks your foot in place for enhanced stability and support
							
						
 
							Studded Carbon frame plate extends from the forefoot to the heel for stability and multidirectional support"
B06XNKW3LH,Under,https://www.amazon.com/Under-Armour-Highlight-Lacrosse-Metallic/dp/B06XNKW3LH/ref=sr_1_45?pf_rd_i=16225019011&pf_rd_m=ATVPDKIKX0DER&pf_rd_p=a8717793-9e88-48bb-b385-3487bae57557&pf_rd_r=A0Y4T1VK1Z4K6VG1HJJN&pf_rd_s=merchandised-search-left-2&pf_rd_t=101&qid=1569455465&rnid=10294506011&s=fashion-mens-intl-ship&sr=1-45,"https://images-na.ssl-images-amazon.com/images/I/51yH1qWXIbL._AC_US40_.jpg,https://images-na.ssl-images-amazon.com/images/I/4164BG61AiL._AC_US40_.jpg,https://images-na.ssl-images-amazon.com/images/I/41d9pe2nbTL._AC_US40_.jpg,https://images-na.ssl-images-amazon.com/images/I/41GpDtP3lAL._AC_US40_.jpg,https://images-na.ssl-images-amazon.com/images/I/41jbJvTsPoL._AC_US40_.jpg,https://images-na.ssl-images-amazon.com/images/I/41EMyJSU3PL._AC_US40_.jpg,https://images-na.ssl-images-amazon.com/images/I/51akxbm9%2BbL._AC_US40_.jpg,https://images-na.ssl-images-amazon.com/images/G/01/x-locale/common/transparent-pixel._V192234675_.gif",Under Armour 男式 Highlight M.C. 長曲棍球鞋,,,,,"TWD 4,255.51",,"合成纖維
							
						
 
							軸測量大約 7」從拱門
							
						
 
							UA ClutchFit 鞋面將您的腳包裹在「第二層皮」的優勢中，提供強大的支撐和令人難以置信的感受
							
						
 
							輕盈的材料創新造就您腳的輪廓，阻擋您的接頭 & 肌肉，為您提供更好的感覺、合身度和支撐力
							
						
 
							3D 模製 MPZ 鞋舌，為您的腳量身打造並提供額外保護
							
						
 
							延伸的眼部切口使進入更方便 & 卓越的靈活性
							
						
 
							模製 4D 泡棉鞋墊符合您鞋子的確切形狀，消除滑落和減少鞋釘壓力"
B06XKYJD6B,Under,https://www.amazon.com/Under-Armour-Highlight-Lacrosse-Metallic/dp/B06XKYJD6B/ref=sr_1_46?pf_rd_i=16225019011&pf_rd_m=ATVPDKIKX0DER&pf_rd_p=a8717793-9e88-48bb-b385-3487bae57557&pf_rd_r=A0Y4T1VK1Z4K6VG1HJJN&pf_rd_s=merchandised-search-left-2&pf_rd_t=101&qid=1569455465&rnid=10294506011&s=fashion-mens-intl-ship&sr=1-46,"https://images-na.ssl-images-amazon.com/images/I/51yH1qWXIbL._AC_US40_.jpg,https://images-na.ssl-images-amazon.com/images/I/4164BG61AiL._AC_US40_.jpg,https://images-na.ssl-images-amazon.com/images/I/41d9pe2nbTL._AC_US40_.jpg,https://images-na.ssl-images-amazon.com/images/I/41GpDtP3lAL._AC_US40_.jpg,https://images-na.ssl-images-amazon.com/images/I/41jbJvTsPoL._AC_US40_.jpg,https://images-na.ssl-images-amazon.com/images/I/41EMyJSU3PL._AC_US40_.jpg,https://images-na.ssl-images-amazon.com/images/I/51akxbm9%2BbL._AC_US40_.jpg,https://images-na.ssl-images-amazon.com/images/G/01/x-locale/common/transparent-pixel._V192234675_.gif",Under Armour 男式 Highlight M.C. 長曲棍球鞋,,,,,"TWD 4,255.51",,"合成纖維
							
						
 
							軸測量大約 7」從拱門
							
						
 
							UA ClutchFit 鞋面將您的腳包裹在「第二層皮」的優勢中，提供強大的支撐和令人難以置信的感受
							
						
 
							輕盈的材料創新造就您腳的輪廓，阻擋您的接頭 & 肌肉，為您提供更好的感覺、合身度和支撐力
							
						
 
							3D 模製 MPZ 鞋舌，為您的腳量身打造並提供額外保護
							
						
 
							延伸的眼部切口使進入更方便 & 卓越的靈活性
							
						
 
							模製 4D 泡棉鞋墊符合您鞋子的確切形狀，消除滑落和減少鞋釘壓力"
B00RIJZ7MW,Warrior,https://www.amazon.com/Warrior-Burn-Cleat-White-11-5/dp/B00RIJZ7MW/ref=sr_1_47?pf_rd_i=16225019011&pf_rd_m=ATVPDKIKX0DER&pf_rd_p=a8717793-9e88-48bb-b385-3487bae57557&pf_rd_r=A0Y4T1VK1Z4K6VG1HJJN&pf_rd_s=merchandised-search-left-2&pf_rd_t=101&qid=1569455465&rnid=10294506011&s=fashion-mens-intl-ship&sr=1-47,"https://images-na.ssl-images-amazon.com/images/I/41wJXi0jXUL._AC_US40_.jpg,https://images-na.ssl-images-amazon.com/images/G/01/x-locale/common/transparent-pixel._V192234675_.gif","Warrior Burn 8.0 Low Cleat, White/Red, 11.5 D US",,,,,"TWD 3,044.56",,
B00RIJXO3Q,Warrior,https://www.amazon.com/Warrior-Burn-Cleat-White-10-5/dp/B00RIJXO3Q/ref=sr_1_48?pf_rd_i=16225019011&pf_rd_m=ATVPDKIKX0DER&pf_rd_p=a8717793-9e88-48bb-b385-3487bae57557&pf_rd_r=A0Y4T1VK1Z4K6VG1HJJN&pf_rd_s=merchandised-search-left-2&pf_rd_t=101&qid=1569455465&rnid=10294506011&s=fashion-mens-intl-ship&sr=1-48,"https://images-na.ssl-images-amazon.com/images/I/41wJXi0jXUL._AC_US40_.jpg,https://images-na.ssl-images-amazon.com/images/G/01/x-locale/common/transparent-pixel._V192234675_.gif","Warrior Burn 8.0 Low Cleat, 白色/紅色",,,,,"TWD 3,044.56",,
B000GMMEZQ,Nike,https://www.amazon.com/NIKE-Vapor-Speed-White-Mens/dp/B000GMMEZQ/ref=sr_1_49?pf_rd_i=16225019011&pf_rd_m=ATVPDKIKX0DER&pf_rd_p=a8717793-9e88-48bb-b385-3487bae57557&pf_rd_r=A0Y4T1VK1Z4K6VG1HJJN&pf_rd_s=merchandised-search-left-2&pf_rd_t=101&qid=1569455793&rnid=10294506011&s=fashion-mens-intl-ship&sr=1-49,"https://images-na.ssl-images-amazon.com/images/I/318yvvAAP0L._AC_US40_.jpg,https://images-na.ssl-images-amazon.com/images/G/01/x-locale/common/transparent-pixel._V192234675_.gif",Nike Vapor Speed 2 Lax White Mens Shoe Size 10,,,,,"TWD 2,586.24",,
